{ 
  "hola" : { 
    "chamo" : 2222222.100000,
    "chama" : 2222222.100000
  },
  "lavida" : "hola.chamao.omo"
}